matricula;nome;email;senha;IDturma
50210100;Alisson Carrara;matescorapha@gmail.com;;2
50210101;Simão Vinícius Garcia;matescorapha@gmail.com;;4
50210102;Saulo Willian Marin Rosa;matescorapha@gmail.com;;6
50210103;Christie Rafaela Feliciano de Fontes;matescorapha@gmail.com;;2
50210104;Isadora Yasmin Medina;matescorapha@gmail.com;;4
50210105;Maísa Otávia Mendonça Ramos Portugal;matescorapha@gmail.com;;5
50210106;Alisson Carrara;matescorapha@gmail.com;;6
50210107;Simão Vinícius Garcia;matescorapha@gmail.com;;7
50210108;Saulo Willian Marin Rosa;matescorapha@gmail.com;;10
